id;Label;Dev;Popularity
2052962;chunpu;1.00000;0
184;xdissent;2.30103;0
388;kjbekkelund;2.30103;0
856;yawnt;9.00860;8
872;pcwalton;2.24055;0
963;bnoordhuis;65.47129;4
995;isaacs;23.34242;1
1145;Gozala;0.00000;0
1199;substack;0.00000;0
1558;benburkert;1.00000;0
1772;hornairs;0.30103;0
1831;dominictarr;0.00000;0
1981;graydon;2.89763;1
2017;paulstansifer;0.00000;0
2026;msullivan;1.89209;0
788957;aaronlaursen;0.30103;0
3017;wilkinson;1.00000;1
3060;crabtw;0.77815;0
3144;utkarshkukreti;1.00000;0
19029;pilwon;2.60206;1
20165;tkellen;1.47712;0
21594;kkaefer;0.00000;0
21921;CaryLandholt;0.00000;0
23250;mafintosh;0.30103;8
23309;sergeche;2.04139;0
811626;janekptacijarabaci;6.41497;0
23548;jasonroelofs;0.00000;0
46314;tivac;0.00000;3
47475;saxamaphone69;0.30103;0
2087681;muratgu;1.00000;0
48418;marcgreenstock;2.47712;0
48545;shigeya;5.90309;0
49070;laverdet;0.77815;0
49261;rniemeyer;6.84510;0
50576;novalis;0.90309;1
78141;gfxmonk;1.30103;0
78652;blainsmith;1.47712;2
79368;vladikoff;14.04139;5
866503;cgole;0.47712;0
82905;dpatti;0.00000;0
106001;sanandnarayan;2.30103;0
1545672;sfackler;1.79934;0
107055;feiyunruyue;1.00000;5
895840;cgross;1.84510;1
111392;inadarei;1.00000;0
141540;quarterto;1.00000;4
172501;recrack;1.11394;0
952103;mike-spainhower;1.00000;0
959421;torsneyt;4.00000;0
178440;radium-v;1.00000;2
206736;pedrocorreia;1.00000;0
2210040;jakemcguire;0.30103;0
211657;michaelwoerister;1.89763;0
212634;wyuenho;15.63347;5
2236432;witchu;1.30103;0
2238186;YKEIKGUM;0.30103;0
251860;lucab;0.77815;0
290914;toranb;1.84510;1
348049;roysc;0.00000;0
1118018;J;1.14613;0
355308;orbiteleven;1.30103;0
391067;sbrekken;0.00000;0
1200601;pflannery;2.47712;0
2389900;OOWECLTM;0.69897;0
2393812;alex-ter;2.30103;0
2397106;brenoc;1.30103;8
528557;mokkabonna;6.17609;1
528643;DanRosenwasser;0.00000;0
535454;hashseed;0.00000;0
2472939;PTJTPMJN;0.30103;0
1973803;aigarsdz;0.60206;0
738733;sateffen;0.00000;1
750978;aaronyo;1.00000;0
2579302;MYLOCEUB;1.14613;0
13524;ForbesLindesay;0.00000;0
14501;chris-morgan;10.18184;0
15092;SiegeLord;1.14613;0
15764;ah01;0.00000;0
16480;qrush;0.00000;0
17141;steveklabnik;1.30103;2
17716;einaros;0.00000;0
17759;mattn;1.69897;115
17884;Panya;1.65321;1
18136;saschagehlich;2.90309;0
18459;sankage;0.00000;0
37038;sorribas;0.60206;1
39310;cobyism;7.39794;42
1492108;DFMRJVHR;0.00000;0
39721;threepointone;0.00000;0
40848;reezer;1.47712;2
2085486;Roland1975;1.00000;0
44213;sankha93;0.30103;1
44490;jsoverson;4.90309;12
44949;JacopKane;3.30103;5
71014;jbussdieker;0.30103;0
72200;spikebrehm;0.00000;1
74699;ngryman;0.00000;2
75308;hanikesn;0.47712;0
75324;jonathanong;41.43136;5
100787;andreypopp;1.00000;10
100962;distler;1.60206;1
101212;KevinTCoughlin;1.30103;18
101448;a3gis;0.47712;3
101955;jzelinskie;0.30103;2
102291;MarkJr94;0.77815;5
105192;racklin;3.77815;1
105735;jmgrosen;2.30103;2
131337;DCECXTIT;1.34242;0
131703;cmr;6.62325;1
133141;chrisirhc;4.49136;1
133595;sukima;1.30103;3
136392;island205;2.77815;49
2178263;twoRoger;0.30103;0
168873;matsko;0.00000;4
168923;Siyfion;1.00000;0
168941;CMTegner;1.00000;0
169073;skaterdav85;1.30103;3
201956;satyr;0.60206;0
204864;wadetandy;1.47712;0
236309;afroald;0.00000;0
2228167;RXKBHHDK;0.47712;0
2228276;kkoopa;24.14301;1
237638;also;1.30103;0
14779;skade;1.30103;1
15030;davglass;3.60206;9
15716;lukeapage;19.12385;0
15901;stevenharman;1.30103;1
16065;jonschlinkert;3.30103;9
16084;bruno-c;0.30103;4
16617;dennismartensson;1.00000;0
42755;robocoder;2.30103;0
43608;kapouer;3.95424;0
45064;drewish;2.00000;0
74160;WEBGBYNR;1.44716;0
76532;chrisabrams;1.00000;0
102235;ahodesuka;0.00000;0
105379;ManInTheBox;0.00000;6
131433;louischatriot;1.00000;0
131435;timkuijsten;0.00000;0
133738;AsaAyers;15.60206;0
134426;calebegg;1.00000;0
2152204;DPWQFULP;0.47712;0
164590;sigerello;1.00000;0
2178626;frontsidebus;0.00000;0
946500;stereokai;0.00000;1
948019;akhleung;2.66276;0
237240;Florob;0.84510;0
2229334;KNDFGHYD;1.04139;0
238727;mgmarino;1.00000;2
1057051;DeniSix;2.47712;0
1057337;Thiez;0.00000;0
2298305;VCOHSXTY;0.84510;0
337498;pimterry;1.60206;7
1735093;quadroid;1.00000;1
394637;kolorahl;2.00000;0
395908;tyrsius;0.00000;0
408493;brenmar;1.00000;0
437370;Mark-Otaris;1.00000;15
440513;SLaks;27.13033;0
2382754;tikue;10.61278;0
450827;carldanley;2.47712;0
1857162;JackEllis;1.30103;0
1913217;sstewartgallus;1.27875;0
653080;schlamar;0.00000;0
974;piscisaureus;16.03342;0
992;saghul;1.47712;3
1175;dcrewi;9.27875;0
1779;paulirish;0.47712;24
1979;nikomatsakis;1.76343;0
1980;erickt;2.35603;1
2030;catamorphism;6.17609;1
2078;eholk;0.00000;0
2080;jdm;1.88081;0
2264;kballard;3.07555;0
2695;dpree;2.00000;104
2729;ryan-allen;1.47712;0
2963;killerswan;0.00000;0
2980;darkf;0.77815;1
18992;appleboy;1.00000;6
19060;silvinci;1.30103;1
19076;JacksonTian;2.30103;11
20044;eventualbuddha;0.30103;0
20179;strk;2.30103;0
1478608;CVRWCVGA;0.00000;0
21266;masterbee;1.30103;0
21464;mojodna;0.30103;0
21648;maul-esel;46.20683;1
21882;christopherobin;1.00000;0
22516;wbzyl;2.60206;0
22801;cliffano;1.47712;0
23402;hemanth;2.11394;1
45646;adrianlang;2.77815;0
47219;jakebellacera;0.60206;2
48738;jbclements;1.83885;1
48889;upsuper;0.00000;0
49024;machadogj;1.30103;1
865561;rgaskill;0.00000;0
77784;stonephp;2.30103;0
866515;mdevils;5.41497;2
79741;manuelcabral;1.30103;1
84021;fantactuka;1.77815;0
2132433;JXIWYIFX;0.30103;0
107366;joezimjs;0.00000;0
108787;rlidwka;2.60206;0
954390;BKize;1.77815;0
989033;altsang;1.36173;0
212938;jasnell;0.00000;1
245980;spmason;1.84510;0
249492;mdayaram;1.00000;4
249590;toffaletti;0.30103;1
254622;imcnally;1.00000;1
1062834;createbang;2.30103;1
302049;ccowan;1.00000;1
387704;lukeasrodgers;1.00000;0
1773917;arakir;1.47712;0
2389018;p2j4d2c;1.69897;0
462474;bajtos;20.92942;1
2397226;OUUOASHQ;0.00000;0
532885;davidensinger;0.00000;0
681238;hoegaarden;0.00000;0
2534384;pleebe;1.30103;0
2572958;KIKYYIWK;0.30103;0
754257;kingFighter;1.59106;2
8648;brianc;25.81954;1
9080;koenpunt;1.47712;0
9215;rmg;0.00000;0
10186;nylen;0.00000;0
10803;rozza;0.00000;0
11037;jzaefferer;0.00000;0
11136;joaojeronimo;0.60206;0
12205;p0deje;1.30103;1
12943;treyhunner;0.00000;2
802454;catsby;2.00000;1
32731;robertkowalski;21.82607;1
32796;doochik;0.84510;17
33799;jpiasetz;3.69897;6
34369;sidorares;0.30103;105
34383;benbalter;23.63347;16
35319;vtambourine;0.00000;2
61257;haihappen;0.00000;1
63897;envygeeks;0.00000;0
64767;madjar;0.00000;0
2100344;eugeneware;1.60206;11
855051;nkzawa;1.00000;1
67326;mente;1.00000;0
67859;Mithgol;13.11394;0
10;mcollina;0.00000;24
203;seanmonstar;0.00000;0
355;christkv;7.11059;0
962;bcantrill;0.00000;0
1003;mmalecki;1.47712;3
1550;pborreli;0.00000;0
1900;guille;0.00000;0
1975;lkuper;1.04139;0
2016;bblum;2.02531;0
2093;craigbarnes;0.00000;0
2198;julianduque;0.00000;0
2391;felipesabino;1.00000;1
2795;masondesu;1.00000;20
2809;makeusabrew;1.30103;1
2877;jfager;0.30103;0
3002;bstrie;0.00000;0
3027;z0w0;0.00000;0
19455;remy;1.00000;0
20157;samccone;8.69897;0
20418;Zearin;2.47712;3
20450;campd;1.60206;0
20993;nschonni;3.30103;63
21509;psyked;1.47712;2
22747;XhmikosR;2.49136;3
23390;losingkeys;2.60206;2
48937;alexcrichton;3.60531;1
78817;Geal;0.47712;0
867229;sethkinast;1.60206;0
80816;hacksparrow;0.00000;1
106016;Fishrock123;1.00000;0
106334;asilvas;0.30103;0
106511;dylanahsmith;0.00000;0
1544601;jannypie;2.00000;1
108347;kaelzhang;1.30103;17
108399;luqmana;1.56820;1
110105;bcully;2.60206;0
111014;richarddong;0.30103;0
138926;gigi81;0.00000;0
1603172;TKTPSYCQ;1.11394;0
176735;dckc;0.00000;0
958243;kelvinst;8.89209;7
991451;lbonn;0.00000;0
2238121;xanthousphoenix;0.00000;0
1662309;Nabellaleen;0.90309;1
251509;ronkorving;3.00000;0
251582;bdukes;2.30103;10
2242699;rsloan;1.00000;0
2242817;thebladeee;1.47712;9
296806;GeertVL;1.47712;0
302165;SteedMonteiro;2.00000;1
349207;zhchbin;0.00000;0
1743958;dtillz;0.00000;0
1119101;jonjenkins;0.30103;0
1144421;stephenplusplus;1.00000;10
391891;michalstanko;1.00000;0
393220;hartzler;1.00000;0
451289;Jeaye;3.32222;0
1821820;eschweic;2.46240;0
2387086;jepickett;3.07918;0
466454;srossross;4.30103;0
1310450;vadimcn;1.43136;0
1918670;m7r;1.00000;0
1318481;brian-pantano;1.00000;0
681519;madskristensen;36.26717;0
2021218;UXBYECGD;0.95424;0
745611;tychio;6.69897;1
1430582;tkuehn;1.89763;0
13721;janjongboom;1.30103;0
13798;uggedal;0.00000;1
17240;arantius;7.41497;0
17349;tychoish;0.00000;0
17401;aeosynth;2.14613;0
36971;SimonSapin;3.70757;1
37239;kevinmehall;0.30103;1
37480;emrox;0.00000;0
38525;bfrohs;3.00000;1
38768;johan;4.84510;1
38773;jking90;0.00000;1
39479;mantoni;1.60206;0
39559;rvagg;11.89763;0
2086178;bill-myers;0.00000;0
44852;swanson;2.77815;7
72794;ErikDubbelboer;0.47712;0
73060;ryanramage;2.90309;3
73646;cronopio;1.43136;1
73905;KidkArolis;1.47712;0
74214;hparra;1.47712;0
74364;dchest;3.07918;2
104189;miripiruni;0.30103;0
104557;ikokostya;2.00000;0
131247;erik168;1.92428;0
133444;ljharb;1.30103;4
2154373;CUKKRHHG;2.65128;0
137502;StrLght;0.00000;0
2155575;waffleio;1.00000;0
198063;johnkhughes;2.47712;0
977329;shahata;0.00000;0
1014624;treelite;0.00000;0
239041;Blei;0.60206;0
1651597;PartTimeLegend;0.30103;3
241547;gmethvin;0.00000;0
242699;kmcallister;2.85733;0
244716;mzgol;3.69897;2
279751;am0d;0.00000;0
286355;jmav;0.00000;0
2297374;brightestcircle;1.47712;0
2300789;RSDCVIDC;0.00000;0
397725;danielfeelfine;0.69897;15
2353419;Proplex;7.11394;0
2379046;IYNPQGDB;0.47712;0
1195820;chrisnicotera;2.60206;0
2385516;XPPLOJEA;0.00000;0
1241839;romangeber;0.00000;0
1247421;z0mt3c;1.00000;1
572655;bitwiseman;0.00000;0
1296437;rpedela;4.44716;0
1300606;fresheneesz;3.47712;0
2010695;bors-servo;15.49136;0
1414879;QAXQMUQS;1.46240;0
2567948;DQUYWYLM;0.84510;0
2570497;EYADLSNK;1.00000;0
8209;Raynos;0.00000;0
8259;guybrush;0.00000;0
8793;ozten;0.30103;4
8902;caolan;2.47712;0
9236;mojombo;0.30103;0
13417;aeisenberg;1.69897;0
14005;shigeki;0.00000;0
14655;andreif;1.00000;0
15407;MrDHat;4.25527;12
2066644;EQQHXXYM;1.00000;0
15740;fitzgen;0.00000;1
15859;springmeyer;21.98677;61
17715;felixge;2.00000;0
17830;msokk;0.47712;0
18265;FlaPer87;2.63347;0
18432;avalanche123;0.00000;0
18499;trask;5.30103;0
37985;AgentME;1.69897;0
38185;wting;0.00000;0
39440;boutell;0.00000;0
39489;sky-glenjamin;1.47712;0
40291;sanxiyn;1.46240;0
41628;evilpie;0.60206;0
41747;othiym23;0.30103;1
42831;ctalkington;1.79239;4
69908;robwierzbowski;6.00000;1
71562;qbit;0.00000;0
72848;mgp;2.00000;0
74151;banyan;3.30103;4
75604;rgieseke;1.30103;0
76392;vrinek;2.47712;1
130874;gurjeet;0.00000;0
920469;ILyoan;1.27875;0
136472;lippling;1.00000;0
164333;alloy-d;1.00000;0
165134;wakandan;4.90309;4
165402;anuj123;1.47712;0
168711;cobbweb;0.00000;0
168760;lxe;0.00000;1
948315;YAndrew91;5.62325;0
197105;DanLovesProofs;0.00000;1
1621426;tylermcginnis33;0.00000;7
284327;g5pw;1.00000;0
289092;sam-github;0.69897;0
331155;ifo;1.30103;1
395416;patelatharva;0.00000;0
399962;RCanine;1.60206;0
402770;nDmitry;2.60206;2
435490;d-Pixie;1.00000;0
445936;alanshaw;1.69897;2
1856486;carboncopy;1.69897;0
1240232;pnkfelix;3.02119;0
1860849;eastbayjake;1.00000;32
576009;wibblymat;8.90309;0
1303686;yichoi;0.60206;0
590117;fourseven;0.30103;2
2511279;saqibshakil;1.30103;0
670968;sebcrozet;2.77815;0
1410296;go-oleg;0.00000;0
2011912;maksqwe;2.23045;0
2565461;crandmck;3.44716;0
465;andrew;5.69020;48
651;passy;3.14613;3
869;brson;12.58092;0
986;vojtajina;24.31175;0
1554;LaurentGoderre;0.00000;2
1568;qmx;2.30103;1
1635;robin850;0.00000;0
1902;bionicbrian;1.00000;1
1954;visionmedia;28.91381;8
2738;Constellation;2.64345;0
2856;carsonmcdonald;0.60206;0
3075;bleibig;0.00000;0
18766;diversario;1.00000;3
22359;TrevorBurnham;1.30103;0
22828;stefanocudini;0.00000;3
23180;mlocati;0.00000;0
23330;kaero;1.00000;3
23345;goodtouch;0.00000;0
23614;imathis;10.20412;0
2638445;MMLODFBJ;0.00000;0
839698;wprl;0.60206;0
1524808;ryanhc;0.30103;0
80501;jeffbski;0.00000;0
82626;yatskevich;8.17609;2
83693;Trott;2.84510;6
106391;FredyC;3.47712;0
108060;jacobgroundwater;0.30103;7
109279;deanm;0.00000;0
141320;lilac;1.04139;0
141836;fauxparse;1.00000;0
144309;refack;3.04139;1
146063;Dignifiedquire;7.27875;1
148069;matthewmichihara;0.00000;4
173759;rslifka;3.00000;1
954964;zarkone;0.00000;6
178519;pathawks;1.30103;4
207900;egirshov;2.30103;0
209053;vermilion1;5.90309;1
209504;krasimir;1.00000;2
210843;Jashank;0.00000;0
292733;smellman;0.00000;0
303396;Schoonology;1.07918;1
451267;tchollingsworth;0.00000;0
1201674;jhs67;1.60206;0
455029;alextreppass;1.00000;0
1824951;huonw;3.02119;1
462651;szelga;1.47712;0
2393074;XDATFKUK;0.00000;0
530986;rustyconover;0.00000;0
2478856;hiveshare;0.84510;0
682150;RNPRLPKD;0.00000;0
2535079;jaybe-jekyll;7.47712;0
750522;fredrikbonander;1.47712;0
1434227;bors;167.17522;0
755400;librehat;1.00000;2
9858;chilts;0.00000;0
10044;indexzero;0.30103;4
10058;shama;78.11394;29
1470897;sircapsalot;0.60206;0
10545;JensNockert;0.77815;3
13002;BobuSumisu;0.00000;2
34408;Nami-Doc;16.23045;1
35060;ebensing;31.42975;3
35343;mishanga;0.47712;3
36483;isakb;3.17609;1
826213;streetlight;1.00000;15
61450;leeight;8.00000;10
61465;rfielding;0.47712;1
239142;thestinger;127.83569;0
243543;trabianmatt;1.30103;0
2793942;valueof;0.00000;0
284375;dotdash;18.69897;0
1060867;sonwow;1.07918;0
329506;nickbabcock;2.60206;0
1194390;PVESGPWR;0.95424;0
1249760;mayn;0.00000;0
2462611;jankobler;0.30103;0
2463513;GXXBINAK;0.00000;0
586142;Olegas;0.00000;0
1304846;aydinkim;1.14613;0
590061;icosahedron;2.30103;0
3020330;PDIDNXVD;0.30103;0
2008640;nagimov;1.00000;0
2013752;nimamehanian;2.30103;0
8126;deafbybeheading;1.00000;0
8174;fxn;2.00000;0
8267;mikeal;5.51851;0
8426;jdreesen;1.00000;1
9135;ibc;0.00000;0
9326;juliangruber;0.00000;1
9930;3rd-Eden;3.41497;3
10071;arian;0.69897;1
10548;zpao;0.00000;0
10680;dfilatov;1.69897;0
11952;twalker;1.30103;1
12027;conradkleinespel;0.00000;0
12202;caniszczyk;0.00000;0
12368;bobrik;0.00000;0
12688;dtao;2.23045;0
12920;jmreidy;1.00000;0
13063;rogerwang;7.22011;3
1487171;yuhei-a;0.30103;0
32322;jsw0528;6.60206;3
32799;x3ro;0.77815;0
33442;drublic;1.30103;1
33660;knuton;8.14613;0
33935;nsf;1.30103;1
34219;jdalton;5.34242;2
34389;aheckmann;45.52763;0
35073;morficus;7.38021;1
35116;zipcodeman;0.00000;0
35123;ricardobeat;1.30103;1
35289;MayhemYDG;25.45332;0
35334;arikon;1.30103;2
35468;svnlto;5.11394;5
36470;joshuacc;1.30103;0
36486;paulmillr;45.35793;2
36754;molily;2.47712;13
36768;DavidSouther;0.00000;0
61645;tylerball;1.00000;6
853885;DamianLettie;1.00000;0
68115;youknowone;0.00000;0
68617;skratchdot;0.00000;10
88201;Aatch;1.20412;0
89666;RWBKJTES;0.00000;0
116172;bdesham;3.47712;0
116506;phated;2.00000;4
117658;mcpherrinm;0.00000;0
929884;nathan7;1.60206;0
150548;poiru;1.20412;0
932401;cjihrig;2.60206;1
180923;jas-;0.00000;1
185019;landau;1.90309;0
2215806;bytewiseand;3.84510;0
2250395;IPHXAOBW;0.00000;0
264310;markets;2.00000;2
1072835;Kimundi;1.46240;1
311131;mwilliamson;1.00000;0
1125143;leonardosouza;1.00000;8
2326630;YDLJOPGH;0.00000;0
411782;QuLogic;1.32222;2
1793384;larsbergstrom;1.25527;0
415315;ccamarat;0.30103;0
483067;fw42;28.77815;2
1879986;robkorv;0.00000;0
624689;sprzybylski;1.47712;3
698543;dim-an;10.50515;4
702210;MaerF0x0;1.30103;3
756635;gustavokloh;1.00000;0
3219;tedhorst;0.00000;0
3262;gifnksm;1.17609;0
3287;olsonjeffery;1.77085;8
3344;jbarnette;2.84510;0
3460;pyrotechnick;1.47712;20
3535;epidemian;0.60206;0
3569;mitsuhiko;0.00000;1
3580;ben0x539;0.77815;1
3721;apasel422;3.90309;0
3730;derickbailey;31.79239;0
3839;bogdan;2.47712;0
3871;sindresorhus;25.59106;20
4541;jiyinyiyong;2.60206;15
5091;cowboy;9.07918;0
1465141;Aptary;1.00000;1
6084;guybedford;1.04139;0
6418;davepacheco;0.00000;0
6468;otakustay;0.77815;0
6986;sethvargo;2.30103;2
7129;braddunbar;29.63347;0
7170;wookiehangover;0.00000;0
24302;metajack;6.93450;0
24559;wprater;4.74036;1
28580;muffs;0.30103;1
28732;liufengyun;1.17609;0
28798;Seldaek;0.84510;1
29055;WebReflection;3.30103;1
29309;creynders;1.30103;1
30754;mashihua;1.30103;0
30893;DGERKAGG;0.77815;0
51996;parkr;187.65610;1510
52280;ritch;2.95904;0
54227;henrikhodne;1.00000;0
55661;matt-hickford;0.00000;0
55663;clutchski;0.30103;0
58094;emillon;0.90309;6
59216;raggi;3.30103;0
59498;ihavenoface;3.04139;1
59634;Sirupsen;5.69020;2
59948;kizu;10.02119;0
848794;menzoic;2.47712;0
94471;deanmao;0.69897;0
96055;vohtaski;1.30103;0
9295;stephenmcd;0.00000;0
9554;bytbox;0.30103;0
9577;audreyt;0.00000;0
9779;domenic;20.32428;0
9961;mhart;0.00000;0
10047;bminer;0.00000;0
2059606;rndevfx;2.30103;0
10413;gutworth;0.00000;0
10840;hmarr;0.00000;2
11978;michaelficarra;11.81954;6
11994;thomblake;2.47712;1
12026;aleiphoenix;1.30103;1
12371;jcrugzz;0.84510;14
12662;sblom;0.00000;0
12803;txdv;0.00000;0
822934;profet23;1.00000;0
34531;OliverJAsh;1.30103;10
35944;mcicoria;0.00000;0
36462;davidchambers;2.84510;3
36671;knowtheory;0.00000;0
61019;sqs;1.90309;26
62882;redking;0.00000;0
65524;booo;2.30103;0
2102649;funkytek;1.00000;0
68080;wpreul;2.77815;1
86521;vjeux;1.30103;0
86523;marcooliveira;0.00000;0
1530004;raymondfeng;7.28330;0
88588;mehcode;1.30103;0
89579;agnat;0.00000;0
2138947;markelog;1.00000;0
115401;andrew-d;0.00000;4
116287;shakyShane;1.47712;2
117507;asselin;1.00000;0
118325;JonDum;1.30103;1
121551;stomar;0.00000;0
122203;aheuermann;0.60206;14
2169004;dean-m;0.00000;0
155220;douglascalhoun;1.30103;0
221359;prust;0.77815;0
258100;virola;0.00000;1
1670336;sammykim;1.27875;0
1708608;utenmiki;0.00000;1
312920;TooooBug;0.00000;3
358194;KVCADROF;0.30103;0
1751685;gregl83;1.60206;2
1123847;zerobase;3.47712;0
2321847;jakub-;4.69897;54
2326693;IEKXFGKB;0.30103;0
1791170;penibelst;42.83885;4
1793601;prdn;1.00000;0
1833736;mlorbetske;11.69020;1
2401501;QKJTWKPG;1.14613;0
1841124;paulocesar;1.30103;0
543784;grschafer;0.00000;0
549366;WSIPVJQS;0.00000;0
1940619;3y3;3.34242;0
1452197;amirlivneh;1.47712;0
3563;gkz;10.74819;0
3586;Havvy;0.00000;0
3595;omasanori;1.30103;6
3688;jld;2.23045;0
3713;toddaaro;1.53148;1
4122;boourns;0.00000;0
4608;ndbroadbent;1.30103;0
5728;niftylettuce;3.00000;0
6221;timoxley;0.00000;32
6396;tjfontaine;5.92942;1
6453;stream7;1.60206;2
6685;bhollis;7.79934;0
25655;eddiemonge;6.95424;1
26566;loladiro;2.17609;1
27554;Shutnik;4.84510;1
27593;WolfgangKluge;4.30103;0
28395;mroderick;2.47712;0
818343;ChrisWren;8.11394;23
28999;ReactiveRaven;1.00000;0
29081;mbest;23.79934;0
29256;danielchatfield;6.00000;18
30044;mattr-;59.09691;49
30262;andersk;0.00000;2
30303;mrordinaire;6.64345;1
31264;Ventero;1.84510;1
31353;matmuchrapna;2.27875;20
51082;excepttheweasel;0.47712;1
51918;andjo;1.30103;0
53406;disfated;0.00000;1
54694;matze;2.00000;1
55621;kesla;0.30103;9
59556;xzyfer;1.47712;0
60285;mal;0.30103;0
60433;woxxy;1.00000;2
60683;geddski;5.44716;0
846755;lowkaseo;1.00000;0
95422;tgriesser;4.47712;0
122339;badsyntax;1.00000;6
2145524;WAMWFPCD;0.90309;0
127285;glinscott;0.84510;2
128387;leoasis;3.00000;1
128696;ap4y;1.00000;0
128914;andriijas;0.00000;0
129489;boennemann;0.00000;1
944882;dgbeck;1.30103;0
189239;wuxq;1.30103;0
189323;dafi;4.47712;0
195898;skenqbx;0.00000;0
226741;garcimouche;1.69897;0
267119;jgraham;0.47712;0
267199;justingarrick;1.47712;1
2255885;WalrusCow;1.00000;0
274387;aearly;0.00000;0
317805;blai;2.77815;1
318677;klutzy;3.44716;1
320086;luisbg;0.60206;13
320263;bendrucker;0.00000;3
327983;shine-on;4.60206;0
2334501;busterb;1.84510;0
1184931;richardcypher;1.56820;1
433348;MSamman;4.47712;0
491481;OSLNENXO;0.30103;0
495484;flash-gordon;1.30103;0
1889604;mklement0;2.90309;0
561105;KidsKilla;0.00000;0
567332;jeromecornet;2.00000;0
634543;toqueteos;1.00000;1
707625;Darkhogg;1.60206;0
718080;singingboyo;2.14613;0
85643;ericanderson;1.60206;0
90004;odigity;1.00000;0
906790;silver83;0.00000;0
120720;lightcatcher;0.47712;0
150604;mandric;1.00000;1
151171;dotnetCarpenter;3.47712;0
934669;saunders99999;1.00000;1
152224;navaneeth;1.00000;0
152773;kahwee;0.00000;0
934919;Wohlfe;2.60206;0
180768;owiber;1.60206;0
184862;johnnyfreeman;0.00000;0
1036782;sjorek;0.00000;0
303872;akre54;6.77815;1
359809;iapain;0.00000;0
362966;adamscybot;1.00000;0
1754566;SHAKIPXK;0.00000;0
467803;chriswong;0.00000;0
475893;glasser;2.60206;0
478768;nquinlan;1.00000;2
2402573;flo-l;0.00000;0
480790;ECGUQDWP;0.00000;0
2486502;FDXCGPPJ;0.00000;0
1934924;june0cho;1.20412;0
1940657;GnorTech;0.00000;0
1991364;MaikKlein;1.17609;0
3266;db48x;0.00000;0
3467;Dretch;1.04139;0
3532;bjz;3.88081;1
3631;soimort;0.00000;0
3917;indirect;2.30103;0
5136;Synchro;0.00000;0
5305;mathiasbynens;2.60206;5
5372;xiw;2.90309;0
6258;necolas;3.60206;1
6408;mscdex;7.63347;1
6409;koichik;0.30103;0
7125;jashkenas;50.98677;0
7142;caseywebdev;7.90309;0
7144;philfreo;1.30103;0
7526;laktek;0.00000;0
24624;nathanpalmer;1.47712;0
25829;sapegin;1.30103;0
26243;desandro;0.00000;0
26395;tobi;0.00000;0
27447;nc;1.30103;0
30054;philjackson;1.90309;1
30172;Contra;3.79239;5
30874;lazd;0.00000;0
30990;mihneadb;0.30103;0
51014;bsnote;0.00000;0
51079;oncletom;1.00000;15
51348;nikmartin;0.00000;0
51565;hueniverse;1.60206;0
841428;PeteMichaud;5.11394;0
92762;robertknight;0.00000;0
94615;lifthrasiir;0.00000;0
94801;cpjolicoeur;0.00000;0
884982;es128;13.96848;4
97774;osaut;0.00000;0
122359;elisee;1.30103;0
127354;ichernev;3.95424;0
127740;gustavohenke;0.00000;0
129693;arthurnn;2.07918;38
159811;robraux;2.30103;0
159927;adridu59;4.00000;0
159977;thriqon;0.00000;0
1591767;kAworu;1.47712;3
187452;dredozubov;1.30103;0
192533;kmees;1.47712;1
975712;pixelheresy;6.38021;1
1010778;nickpearson;1.00000;0
267472;almost;0.00000;0
268995;pesho;1.00000;0
1042948;plietar;1.47712;0
1684455;davidhalperin;0.47712;0
277234;ferongr;1.00000;0
320603;apaprocki;0.00000;0
2295679;LAYTJQMK;0.47712;0
373129;PSCKDWAK;1.36173;0
1762670;camillem;0.30103;0
375069;jseip1679;0.00000;1
378410;dntj;0.00000;0
1179189;hjr3;0.00000;0
2410495;klittlepage;1.30103;1
1291060;TECRLJBN;0.00000;0
1942814;mjswensen;2.30103;1
633391;mukilan;0.00000;0
1399022;hapad;0.60206;0
779141;caitp;3.04139;10
122872;Ms2ger;0.84510;0
126091;johnkpaul;1.47712;1
126282;koron;18.27875;0
128213;zubairov;3.77815;0
128588;indutny;1.82607;0
129883;thomasboyt;4.07918;1
2712409;defunctzombie;1.00000;0
157284;lulurun;0.00000;0
159540;nitoyon;2.69897;1
161544;terryroe;1.30103;0
970487;jwalton;0.00000;0
193275;dentafrice;2.60206;1
232765;nickdesaulniers;0.00000;0
1044832;BenjaminDobler;1.60206;0
273352;jbranchaud;0.00000;0
1680333;tkhr;1.30103;2
2258006;XGBBIGSM;0.60206;0
1684161;kburson;1.84510;0
318560;swang;2.69897;0
318774;mneumann;0.00000;0
2292904;luk-;9.77815;2
433206;Cauldrath;0.00000;0
486286;danluu;0.00000;0
1847214;junmer;1.00000;0
1233891;UFMLGOOI;0.30103;0
2452104;EIEBYLVX;0.30103;0
1946486;msafi;1.47712;4
643550;paulhill;1.30103;0
706281;viruschidai;0.00000;0
712940;camswords;0.30103;0
62888;grobmeier;0.00000;1
63689;joeybaker;1.69897;2
65260;kud;2.77815;0
65645;alFReD-NSH;0.00000;0
65730;kanongil;0.00000;0
87005;kewljedi;2.00000;0
87255;neonelectro;0.00000;0
89896;teppeis;1.30103;2
2137188;sofo-ryanm;1.00000;0
114727;gkorland;1.00000;0
2139545;zslayton;0.00000;0
2142220;XIDYXLOU;0.00000;0
149325;Rob--W;3.60206;0
149859;calvinmetcalf;0.00000;26
153818;hcatlin;1.77815;0
155690;jerone;1.30103;0
184823;trishume;7.79239;16
218997;Timvanelsloo;1.00000;3
219183;khodzha;0.00000;0
313288;xixixao;0.00000;0
2319707;bouk;1.00000;0
362993;davidmaxwaterman;6.07918;0
363325;Lukx;1.47712;0
416305;rampion;1.30103;0
2398955;mick;0.00000;0
2402534;EQPANIJX;0.69897;0
1883762;ssafejava;1.69897;0
553933;marchaefner;0.47712;0
608650;lexander;0.00000;0
692195;lapo-luchini;1.30103;2
703644;CharlesHolbrow;0.00000;0
1437219;DDDGKKWI;0.47712;0
775423;FABSSGIC;0.00000;0
3258;thomaslee;0.00000;1
3708;jsyeo;1.00000;8
4278;SteveSanderson;19.68124;0
4475;MicahChalmer;1.14613;0
4796;chrisdickinson;0.00000;2
5195;evocateur;0.84510;1
5398;WNUREOPB;0.69897;0
5862;tschaub;2.00000;2
6400;TooTallNate;7.62325;4
6982;fhahn;1.27875;0
7082;satazor;130.80686;4
7086;pewniak747;1.60206;1
7152;DjebbZ;1.00000;0
795913;robrich;0.77815;0
796564;MAnyKey;1.00000;0
24432;sectore;2.00000;1
25550;gavinb;0.84510;0
27538;antonkovalyov;22.51851;0
31284;trevnorris;3.92942;1
31334;kchmck;13.88081;0
54163;chapel;1.47712;0
54365;rmehner;2.00000;0
54816;pgherveou;0.00000;0
55635;firede;0.60206;6
55716;evansolomon;0.00000;1
1504640;phillipalexander;2.00000;18
56454;stepancheg;1.20412;2
56518;jugglinmike;0.00000;0
59295;saneyuki;1.56820;0
59361;jrgm;0.30103;1
882282;ywkim;0.30103;0
93920;craigspaeth;0.60206;0
884806;gramakri;0.30103;0
159787;yosuke-furukawa;1.00000;0
162227;Rio517;0.69897;0
975087;NoneGiven;1.69897;0
193794;daphotron;1.30103;0
226769;TFDIJRAF;1.41497;0
1005270;eliovir;0.00000;1
230581;anasazi;1.17609;0
232086;esneider;0.00000;4
2227468;stuartleeks;2.47712;0
1042838;zachgersh;3.25527;2
1677697;agelber;2.30103;0
269586;OHWXOUHM;0.30103;0
272059;christianreed;1.30103;0
274885;subzey;2.69897;0
1051046;Xazax-hun;0.30103;0
324990;tkoomzaaskz;1.00000;1
1176774;owenc4a4;0.00000;1
1808772;NiccosSystem;0.00000;2
1278719;trevorlinton;0.00000;0
1282113;kud1ing;6.17609;0
564460;troyswanson;3.60206;1
1343979;magicode;1.00000;1
643228;SVFFLMBW;0.00000;0
2599702;nikaspran;1.00000;0
